{"cameraMode":{"drawMode":0,"name":"Shaded","section":"Shading Mode"},"sceneLighting":false,"audioPlay":false,"sceneViewState":{"m_AlwaysRefresh":false,"showFog":true,"showSkybox":false,"showFlares":true,"showImageEffects":true,"showParticleSystems":true,"showVisualEffectGraphs":true,"m_FxEnabled":true},"in2DMode":false,"pivot":{"x":-24.083999633789064,"y":0.09400010108947754,"z":-9.326000213623047},"rotation":{"x":0.13930515944957734,"y":-0.3533317446708679,"z":0.05329551547765732,"w":0.9235376715660095},"size":2.412468433380127,"orthographic":false}