{"cameraMode":{"drawMode":0,"name":"Shaded","section":"Shading Mode"},"sceneLighting":false,"audioPlay":false,"sceneViewState":{"m_AlwaysRefresh":false,"showFog":true,"showSkybox":false,"showFlares":true,"showImageEffects":true,"showParticleSystems":true,"showVisualEffectGraphs":true,"m_FxEnabled":true},"in2DMode":false,"pivot":{"x":-27.13151741027832,"y":1.5813344717025757,"z":12.755815505981446},"rotation":{"x":0.26131483912467959,"y":0.3401259183883667,"z":-0.09902825951576233,"w":0.8979367017745972},"size":0.7572919130325317,"orthographic":false}