{"cameraMode":{"drawMode":0,"name":"Shaded","section":"Shading Mode"},"sceneLighting":false,"audioPlay":false,"sceneViewState":{"m_AlwaysRefresh":false,"showFog":true,"showSkybox":false,"showFlares":true,"showImageEffects":true,"showParticleSystems":true,"showVisualEffectGraphs":true,"m_FxEnabled":true},"in2DMode":false,"pivot":{"x":0.000002950429916381836,"y":0.4734296202659607,"z":-8.940696716308594e-8},"rotation":{"x":0.025633489713072778,"y":-0.41799888014793398,"z":0.01177371945232153,"w":0.9080591201782227},"size":0.6200950741767883,"orthographic":false}