{"cameraMode":{"drawMode":0,"name":"Shaded","section":"Shading Mode"},"sceneLighting":false,"audioPlay":false,"sceneViewState":{"m_AlwaysRefresh":false,"showFog":false,"showSkybox":false,"showFlares":false,"showImageEffects":false,"showParticleSystems":false,"showVisualEffectGraphs":true,"m_FxEnabled":true},"in2DMode":false,"pivot":{"x":-0.04747885465621948,"y":0.10753307491540909,"z":-0.2882058322429657},"rotation":{"x":0.0035976539365947248,"y":0.9960456490516663,"z":0.0751350000500679,"w":-0.04815139248967171},"size":0.3952657878398895,"orthographic":false}